pairID,gold_label,Sentence1,Sentence2,Explanation_1,Sentence1_marked_1,Sentence2_marked_1,Sentence1_Highlighted_1,Sentence2_Highlighted_1,Explanation_2,Sentence1_marked_2,Sentence2_marked_2,Sentence1_Highlighted_2,Sentence2_Highlighted_2,Explanation_3,Sentence1_marked_3,Sentence2_marked_3,Sentence1_Highlighted_3,Sentence2_Highlighted_3
0,entailment,the illustrator behind the singers saw the artists .,the illustrator saw the artists .,the illustrator behind the singers is still the illustrator .,,,,,,,,,,,,,,
1,entailment,the scientists behind the programmers addressed the artist .,the scientists addressed the artist .,the scientists behind the programmers are still the scientists .,,,,,,,,,,,,,,
160,entailment,the stylist that resigned thanked the student .,the stylist thanked the student .,the stylist that resigned is still the stylist .,,,,,,,,,,,,,,
161,entailment,the planner that grew introduced the sculptor .,the planner introduced the sculptor .,the planner that grew is still the planner .,,,,,,,,,,,,,,
320,entailment,the technicians that the curators introduced thanked the musician .,the technicians thanked the musician .,the technicians that the curators introduced are still the technicians .,,,,,,,,,,,,,,
321,entailment,the actors that the technician avoided admired the senators .,the actors admired the senators .,the actors that the technician avoided are still the actors .,,,,,,,,,,,,,,
480,entailment,the workers that supported the potters saw the planners .,the workers saw the planners .,the workers that supported the potters are still the workers .,,,,,,,,,,,,,,
481,entailment,the planners that addressed the nurses deceived the psychotherapists .,the planners deceived the psychotherapists .,the planners that addressed the nurses are still the planners .,,,,,,,,,,,,,,
960,entailment,the senator was addressed by the musician .,the musician addressed the senator .,"addressed is the active form of was addressed by , so we swap the senator and the musician .",,,,,,,,,,,,,,
961,entailment,the photographer was admired by the psychotherapists .,the psychotherapists admired the photographer .,"admired is the active form of was admired by , so we swap the photographer and the psychotherapists .",,,,,,,,,,,,,,
1120,entailment,the officers were introduced by the scientists .,the scientists introduced the officers .,"introduced is the active form of was introduced by , so we swap the officers and the scientists .",,,,,,,,,,,,,,
1121,entailment,the officers were deceived by the scientists .,the scientists deceived the officers .,"deceived is the active form of was deceived by , so we swap the officers and the scientists .",,,,,,,,,,,,,,
1280,entailment,the singers that the scientist introduced affected the bakers .,the scientist introduced the singers .,that in that the scientist introduced refers to the singers .,,,,,,,,,,,,,,
1281,entailment,the workers that the senators expected thanked the student .,the senators expected the workers .,that in that the senators expected refers to the workers .,,,,,,,,,,,,,,
1440,entailment,the singers that admired the workers addressed the scientist .,the singers admired the workers .,that in that admired the workers refers to the singers .,,,,,,,,,,,,,,
1441,entailment,the lawyers that admired the programmer thanked the workers .,the lawyers admired the programmer .,that in that admired the programmer refers to the lawyers .,,,,,,,,,,,,,,
1600,entailment,the technicians expected the senator that introduced the therapists .,the senator introduced the therapists .,the senator is the subject of the relative clause that introduced the therapists .,,,,,,,,,,,,,,
1601,entailment,the planners recognized the curators that affected the bankers .,the curators affected the bankers .,the curators is the subject of the relative clause that affected the bankers .,,,,,,,,,,,,,,
1760,entailment,the scientist introduced the therapists that the pencillers affected .,the pencillers affected the therapists .,the therapists are the object of the relative clause that the pencillers affected .,,,,,,,,,,,,,,
1761,entailment,the planners expected the singers that the actors addressed .,the actors addressed the singers .,the singers are the object of the relative clause that the actors addressed .,,,,,,,,,,,,,,
2080,neutral,the technicians behind the planner saw the essayist .,the essayist saw the technicians .,"the technicians saw the essayist , we do not know whether the essayist saw the technicians .",,,,,,,,,,,,,,
2081,neutral,the artist behind the essayists recognized the musicians .,the musicians recognized the artist .,"the artist recognized the musicians , we do not know whether the musicians recognized the artist .",,,,,,,,,,,,,,
2240,neutral,the nurses near the banker deceived the lawyer .,the lawyer deceived the banker .,"the nurses deceived the lawyer and the banker is near the nurses , we do not know whether the lawyer deceived the banker .",,,,,,,,,,,,,,
2241,neutral,the lawyers behind the senators introduced the student .,the student introduced the senators .,"the lawyers introduced the student and the senators are behind the lawyers , we do not know whether the student introduced the senators .",,,,,,,,,,,,,,
2400,neutral,the artists introduced the sculptor behind the stylists .,the sculptor introduced the artists .,"the artists introduced the sculptor , we do not know whether the sculptor introduced the artists .",,,,,,,,,,,,,,
2401,neutral,the curators introduced the planner near the essayist .,the planner introduced the curators .,"the curators introduced the planner , we do not know whether the planner introduced the curators .",,,,,,,,,,,,,,
3200,neutral,the programmers that the illustrator avoided saw the workers .,the workers avoided the illustrator .,"the programmers are the object of the relative clause that the illustrator avoided and the programmers saw the workers , we do not know whether the workers avoided the illustrator .",,,,,,,,,,,,,,
3201,neutral,the psychotherapist that the photographer affected admired the musician .,the musician affected the photographer .,"the psychotherapist is the object of the relative clause that the photographer affected and the psychotherapist admired the musician , we do not know whether the musician affected the photographer .",,,,,,,,,,,,,,
3360,neutral,the artists that saw the potters addressed the sculptor .,the potters addressed the artists .,"the artists are the subject of the relative clause that saw the potters and the artists addressed the sculptor , we do not know whether the potters addressed the artists .",,,,,,,,,,,,,,
3361,neutral,the psychotherapist that avoided the scientists recognized the bankers .,the scientists recognized the psychotherapist .,"the psychotherapist is the subject of the relative clause that avoided the scientists and the psychotherapist recognized the bankers , we do not know whether the scientists recognized the psychotherapist .",,,,,,,,,,,,,,
3680,neutral,the student that avoided the musicians admired the workers .,the workers admired the musicians .,"the student is the subject of the relative clause that avoided the musicians and the student admired the workers , we do not know whether the workers admired the musicians .",,,,,,,,,,,,,,
3681,neutral,the planners that recognized the psychotherapist avoided the essayists .,the essayists avoided the psychotherapist .,"the planners are the subject of the relative clause that recognized the psychotherapist and the planners avoided the essayists , we do not know whether the essayists avoided the psychotherapist .",,,,,,,,,,,,,,
3840,neutral,the therapist avoided the curators that affected the photographers .,the curators avoided the therapist .,"the therapist avoided the curators , we do not know whether the curators avoided the therapist .",,,,,,,,,,,,,,
3841,neutral,the senators introduced the sculptor that addressed the therapist .,the sculptor introduced the senators .,"the senators introduced the sculptor , we do not know whether the sculptor introduced the senators .",,,,,,,,,,,,,,
4000,neutral,the therapist supported the musicians that admired the baker .,the musicians supported the baker .,"the musicians are the subject of the relative clause that admired the baker and the therapist supported the musicians , we do not know whether the musicians supported the baker .",,,,,,,,,,,,,,
4001,neutral,the curator admired the actor that introduced the musician .,the actor admired the musician .,"the actor is the subject of the relative clause that introduced the musician and the curator admired the actor , we do not know whether the actor admired the musician .",,,,,,,,,,,,,,
4160,neutral,the officers recognized the programmer that avoided the students .,the students recognized the officers .,"the programmer is the subject of the relative clause that avoided the students and the officers recognized the programmer , we do not know whether the students recognized the officers .",,,,,,,,,,,,,,
4161,neutral,the bakers addressed the bankers that admired the senators .,the senators addressed the bakers .,"the bankers are the subject of the relative clause that admired the senators and the bakers addressed the bankers , we do not know whether the senators addressed the bakers .",,,,,,,,,,,,,,
4320,neutral,the illustrator affected the stylists that the workers saw .,the stylists affected the illustrator .,"the illustrator affected the stylists , we do not know whether the stylists affected the illustrator .",,,,,,,,,,,,,,
4321,neutral,the student supported the artist that the officers thanked .,the artist supported the student .,"the student supported the artist , we do not know whether the artist supported the student .",,,,,,,,,,,,,,
4480,neutral,the artists saw the singer that the sculptors affected .,the singer saw the sculptors .,"the singer is the object of the relative clause that the sculptors affected and the artists saw the singer , we do not know whether the singer saw the sculptors .",,,,,,,,,,,,,,
4481,neutral,the worker introduced the planner that the baker supported .,the planner introduced the baker .,"the planner is the object of the relative clause that the baker supported and the worker introduced the planner , we do not know whether the planner introduced the baker .",,,,,,,,,,,,,,
4640,neutral,the technologists admired the worker that the curators expected .,the curators admired the technologists .,"the worker is the object of the relative clause that the curators expected and the technologists admired the worker , we do not know whether the curators admired the technologists .",,,,,,,,,,,,,,
4641,neutral,the artists thanked the curators that the banker introduced .,the banker thanked the artists .,"the curators are the object of the relative clause that the banker introduced and the artists thanked the curators , we do not know whether the banker thanked the artists .",,,,,,,,,,,,,,
4800,neutral,the scientist was deceived by the technicians .,the scientist deceived the technicians .,"deceived is the active form of was deceived by , so the technicians deceived the scientist , we do not know whether the scientist deceived the technicians .",,,,,,,,,,,,,,
4801,neutral,the student was admired by the pencillers .,the student admired the pencillers .,"admired is the active form of was admired by , so the pencillers admired the student , we do not know whether the student admired the pencillers .",,,,,,,,,,,,,,
4960,neutral,the bakers were thanked by the curator .,the bakers thanked the curator .,"thanked is the active form of were thanked by , so the curator thanked the bakers , we do not know whether the bakers thanked the curator .",,,,,,,,,,,,,,
4961,neutral,the officers were deceived by the musician .,the officers deceived the musician .,"deceived is the active form of were deceived by , so the musician deceived the officers , we do not know whether the officers deceived the musician .",,,,,,,,,,,,,,
5120,neutral,the essayists and the psychotherapists recognized the singers .,the essayists recognized the psychotherapists .,"the essayists recognized the singers and the psychotherapists recognized the singers , we do not know whether the essayists recognized the psychotherapists .",,,,,,,,,,,,,,
5121,neutral,the technologists and the artist affected the photographers .,the technologists affected the artist .,"the technologists affected the photographers and the artist affected the photographers , we do not know whether the technologists affected the artist .",,,,,,,,,,,,,,
5280,neutral,the officer and the stylist admired the pencillers .,the stylist admired the officer .,"the officer admired the pencillers and the stylist admired the pencillers , we do not know whether the stylist admired the officer .",,,,,,,,,,,,,,
5281,neutral,the potter and the stylist supported the photographers .,the stylist supported the potter .,"the potter supported the photographers and the stylist supported the photographers , we do not know whether the stylist supported the potter .",,,,,,,,,,,,,,
5440,neutral,the lawyer supported the actor and the officer .,the actor supported the officer .,"the lawyer supported the actor and the lawyer supported the officer , we do not know whether the actor supported the officer .",,,,,,,,,,,,,,
5441,neutral,the pencillers deceived the actor and the sculptors .,the actor deceived the sculptors .,"the pencillers deceived the actor and the pencillers deceived the sculptors , we do not know whether the actor deceived the sculptors .",,,,,,,,,,,,,,
5600,neutral,the programmers avoided the photographers and the lawyers .,the lawyers avoided the photographers .,"the programmers avoided the photographers and the programmers avoided the lawyers , we do not know whether the lawyers avoided the photographers .",,,,,,,,,,,,,,
5601,neutral,the essayist thanked the curators and the artists .,the artists thanked the curators .,"the essayist thanked the curators and the essayist thanked the artists , we do not know whether the artists thanked the curators .",,,,,,,,,,,,,,
5760,neutral,the technologist affected the photographer .,the photographer affected the technologist .,"the technologist affected the photographer , if the technologist and the photographer are swapped , then we do not know whether the photographer affected the technologist .",,,,,,,,,,,,,,
5761,neutral,the artists saw the potter .,the potter saw the artists .,"the artists saw the potter , if the artists and the potter are swapped , then we do not know whether the potter saw the artists .",,,,,,,,,,,,,,
6080,entailment,obedient lawyers saw the stylist .,lawyers saw the stylist .,obedient lawyers are still lawyers .,,,,,,,,,,,,,,
6081,entailment,angry lawyers addressed the technician .,lawyers addressed the technician .,angry lawyers are still lawyers .,,,,,,,,,,,,,,
6240,entailment,the programmers read the poem .,the programmers read .,read the poem is still read .,,,,,,,,,,,,,,
6241,entailment,the actor read the play .,the actor read .,read the play is still read .,,,,,,,,,,,,,,
6400,entailment,the programmers expected the lawyers that yelled .,the programmers expected the lawyers .,the lawyers that yelled are still the lawyers .,,,,,,,,,,,,,,
6401,entailment,the lawyer thanked the senators that yelled .,the lawyer thanked the senators .,the senators that yelled are still the senators .,,,,,,,,,,,,,,
6560,entailment,the curators avoided the musician that the lawyers thanked .,the curators avoided the musician .,the musician that the lawyers thanked is still the musician .,,,,,,,,,,,,,,
6561,entailment,the photographer introduced the psychotherapist that the illustrators expected .,the photographer introduced the psychotherapist .,the psychotherapist that the illustrators expected is still the psychotherapist .,,,,,,,,,,,,,,
6880,entailment,the planners saw the lawyer near the officer .,the planners saw the lawyer .,the lawyer near the officer is still the lawyer .,,,,,,,,,,,,,,
6881,entailment,the musician expected the artist near the programmers .,the musician expected the artist .,the artist near the programmers is still the artist .,,,,,,,,,,,,,,
7040,entailment,the actors and the photographers lay .,the photographers lay .,the photographers are part of the actors and the photographers .,,,,,,,,,,,,,,
7041,entailment,the worker and the technician grew .,the technician grew .,the technician is part of the worker and the technician .,,,,,,,,,,,,,,
7200,entailment,the potters and the actor addressed the bakers .,the actor addressed the bakers .,the actor is part of the potters and the actor .,,,,,,,,,,,,,,
7201,entailment,the lawyer and the artist avoided the potter .,the artist avoided the potter .,the artist is part of the lawyer and the artist .,,,,,,,,,,,,,,
7680,neutral,the scientists behind the student supported the nurses .,the student supported the nurses .,"the scientists are behind the student and the scientists supported the nurses , we do not know whether the student supported the nurses .",,,,,,,,,,,,,,
7681,neutral,the stylists behind the scientist expected the penciller .,the scientist expected the penciller .,"the stylists are behind the scientist and the stylists expected the penciller , we do not know whether the scientist expected the penciller .",,,,,,,,,,,,,,
7840,neutral,the bankers that deceived the technologist resigned .,the technologist resigned .,"the bankers that deceived the technologist are still the bankers , so the bankers resigned and we do not know whether the technologist resigned .",,,,,,,,,,,,,,
7841,neutral,the psychotherapists that recognized the nurses resigned .,the nurses resigned .,"the psychotherapists that recognized the nurses are still the psychotherapists , so the psychotherapists resigned and we do not know whether the nurses resigned .",,,,,,,,,,,,,,
8000,neutral,the singers that saw the lawyer avoided the officers .,the lawyer avoided the officers .,"the singers that saw the lawyer are still the singers , so the singers avoided the officers and we do not know whether the lawyer avoided the officers .",,,,,,,,,,,,,,
8001,neutral,the officer that saw the nurse supported the artists .,the nurse supported the artists .,"the officer that saw the nurse is still the officer , so the officer supported the artists and we do not know whether the nurse supported the artists .",,,,,,,,,,,,,,
8160,neutral,the bankers paid in the museum existed .,the bankers paid in the museum .,the bankers were paid in the museum and we do not know whether the bankers paid in the museum .,,,,,,,,,,,,,,
8161,neutral,the stylist paid in the office arrived .,the stylist paid in the office .,the stylist was paid in the office and we do not know whether the stylist paid in the office .,,,,,,,,,,,,,,
8320,neutral,the musicians paid in the office supported the curators .,the musicians paid in the office .,the musicians were paid in the office and we do not know whether the musicians paid in the office .,,,,,,,,,,,,,,
8321,neutral,the musician investigated in the office deceived the students .,the musician investigated in the office .,the musician was investigated in the office and we do not know whether the musician investigated in the office .,,,,,,,,,,,,,,
8480,neutral,the planner affected the stylist investigated in the office .,the stylist investigated in the office .,the stylist was investigated in the office and we do not know whether the stylist investigated in the office .,,,,,,,,,,,,,,
8481,neutral,the programmers admired the nurse investigated in the office .,the nurse investigated in the office .,the nurse was investigated in the office and we do not know whether the nurse investigated in the office .,,,,,,,,,,,,,,
8640,neutral,"after the technician studied , the artist grew .",the technician studied the artist .,"the artist grew and the technician studied , we do not know whether the technician studied the artist .",,,,,,,,,,,,,,
8641,neutral,"when the potter presented , the workers arrived .",the potter presented the workers .,"the workers arrived and the potter presented , we do not know whether the potter presented the workers .",,,,,,,,,,,,,,
8800,neutral,"before the lawyers fought , the actors recognized the students .",the lawyers fought the actors .,"the actors recognized the students and the lawyers fought , we do not know whether the lawyers fought the actors .",,,,,,,,,,,,,,
8801,neutral,"before the lawyer presented , the actors introduced the programmer .",the lawyer presented the actors .,"the actors introduced the programmer and the lawyer presented , we do not know whether the lawyer presented the actors .",,,,,,,,,,,,,,
8960,neutral,the banker knew the scientists existed .,the banker knew the scientists .,"the banker knew the scientists existed , we do not know whether the banker knew the person as in the scientists .",,,,,,,,,,,,,,
8961,neutral,the lawyers knew the singer arrived .,the lawyers knew the singer .,"the lawyers knew the singer arrived , we do not know whether the lawyers knew the person as in the singer .",,,,,,,,,,,,,,
9120,neutral,the worker knew the sculptors avoided the programmer .,the worker knew the sculptors .,"the worker knew the sculptors avoided the programmer , we do not know whether the worker knew the person as in the sculptors .",,,,,,,,,,,,,,
9121,neutral,the technologist knew the programmer expected the actors .,the technologist knew the programmer .,"the technologist knew the programmer expected the actors , we do not know whether the technologist knew the person as in the programmer .",,,,,,,,,,,,,,
9280,entailment,"before the baker existed , the technicians voted .",the technicians voted .,"the baker existed , so the technicians voted .",,,,,,,,,,,,,,
9281,entailment,"before the senator laughed , the students existed .",the students existed .,"the senator laughed , so the students existed .",,,,,,,,,,,,,,
9440,entailment,"before the scientist deceived the illustrators , the sculptor sat .",the sculptor sat .,"the scientist deceived the illustrators , so the sculptor sat .",,,,,,,,,,,,,,
9441,entailment,"because the baker introduced the therapist , the banker laughed .",the banker laughed .,"the baker introduced the therapist , so the banker laughed .",,,,,,,,,,,,,,
9760,entailment,"although the students thanked the artists , the programmer addressed the illustrator .",the programmer addressed the illustrator .,"the students thanked the artists , so the programmer addressed the illustrator .",,,,,,,,,,,,,,
9761,entailment,"before the essayist addressed the worker , the curator saw the students .",the curator saw the students .,"the essayist addressed the worker , so the curator saw the students .",,,,,,,,,,,,,,
10080,entailment,"in case the essayists deceived the officer , the artist existed .",the artist existed .,the past tense existed suggests the artist existed happened .,,,,,,,,,,,,,,
10081,entailment,"in case the artist introduced the officer , the essayists yelled .",the essayists yelled .,the past tense yelled suggests the essayists yelled happened .,,,,,,,,,,,,,,
10240,entailment,"in case the scientists sat , the singers supported the senator .",the singers supported the senator .,the past tense supported the senator suggests the singers supported the senator happened .,,,,,,,,,,,,,,
10241,entailment,"in case the officer lay , the bankers recognized the photographer .",the bankers recognized the photographer .,the past tense recognized the photographer suggests the bankers recognized the photographer happened .,,,,,,,,,,,,,,
10400,entailment,"in case the student thanked the sculptors , the bakers recognized the illustrators .",the bakers recognized the illustrators .,the past tense recognized the sculptors suggests the bakers recognized the sculptors happened .,,,,,,,,,,,,,,
10401,entailment,"in case the psychotherapists deceived the scientists , the pencillers expected the lawyer .",the pencillers expected the lawyer .,the past tense expected the scientists suggests the pencillers expected the scientists happened .,,,,,,,,,,,,,,
10560,entailment,"whether or not the technician ran , the students resigned .",the students resigned .,the students resigned despite the clause whether or not the technician ran .,,,,,,,,,,,,,,
10561,entailment,"whether or not the musician yelled , the curator voted .",the curator voted .,the curator voted despite the clause whether or not the musician yelled .,,,,,,,,,,,,,,
10720,entailment,"whether or not the bakers addressed the potter , the singer voted .",the singer voted .,the singer voted despite the clause whether or not the bakers addressed the potter .,,,,,,,,,,,,,,
10721,entailment,"whether or not the stylists supported the artist , the potter ran .",the potter ran .,the potter ran despite the clause whether or not the stylists supported the artist .,,,,,,,,,,,,,,
10880,entailment,"whether or not the curators ran , the stylist introduced the bankers .",the stylist introduced the bankers .,the stylist introduced the bankers despite the clause whether or not the curators ran .,,,,,,,,,,,,,,
10881,entailment,"whether or not the photographer ran , the penciller saw the stylists .",the penciller saw the stylists .,the penciller saw the stylists despite the clause whether or not the photographer ran .,,,,,,,,,,,,,,
11040,entailment,"whether or not the technologists deceived the psychotherapist , the artists introduced the scientist .",the artists introduced the scientist .,the artists introduced the scientist despite the clause whether or not the technologists deceived the psychotherapist .,,,,,,,,,,,,,,
11041,entailment,"whether or not the essayists thanked the penciller , the bankers supported the programmers .",the bankers supported the programmers .,the bankers supported the programmers despite the clause whether or not the essayists thanked the penciller .,,,,,,,,,,,,,,
11200,entailment,the worker forgot that the artists existed .,the artists existed .,"the worker forgot that the artists existed , so the artists existed happened .",,,,,,,,,,,,,,
11201,entailment,the actor knew that the artists talked .,the artists talked .,"the actor knew that the artists talked , so the artists talked happened .",,,,,,,,,,,,,,
11360,entailment,the stylist forgot that the artist avoided the officer .,the artist avoided the officer .,"the stylist forgot that the artist avoided the officer , so the artist avoided the officer happened .",,,,,,,,,,,,,,
11361,entailment,the curator knew that the potter affected the pencillers .,the potter affected the pencillers .,"the curator knew that the potter affected the pencillers , so the potter affected the pencillers happened .",,,,,,,,,,,,,,
11680,entailment,"the sculptors grew , and the stylists avoided the planners .",the sculptors grew .,and suggests both the sculptors grew and the stylists avoided the planners .,,,,,,,,,,,,,,
11681,entailment,"the actors resigned , and the singers avoided the penciller .",the actors resigned .,and suggests both the actors resigned and the singers avoided the penciller .,,,,,,,,,,,,,,
11840,entailment,"the baker expected the lawyer , and the stylists existed .",the baker expected the lawyer .,and suggests both the baker expected the lawyer and the stylists existed .,,,,,,,,,,,,,,
11841,entailment,"the technologist recognized the musicians , and the nurses yelled .",the technologist recognized the musicians .,and suggests both the technologist recognized the musicians and the nurses yelled .,,,,,,,,,,,,,,
12000,entailment,"the singers admired the officers , and the stylists introduced the senators .",the singers admired the officers .,and suggests both the singers admired the officers and the stylists introduced the senators .,,,,,,,,,,,,,,
12001,entailment,"the scientists saw the musicians , and the therapist avoided the bakers .",the scientists saw the musicians .,and suggests both the scientists saw the musicians and the therapist avoided the bakers .,,,,,,,,,,,,,,
12160,entailment,"the officers shouted , and the scientist voted .",the scientist voted .,and suggests both the officers shouted and the scientist voted .,,,,,,,,,,,,,,
12161,entailment,"the actor resigned , and the potters lay .",the potters lay .,and suggests both the actor resigned and the potters lay .,,,,,,,,,,,,,,
12480,entailment,"the sculptors thanked the penciller , and the actors grew .",the actors grew .,and suggests both the sculptors thanked the penciller and the actors grew .,,,,,,,,,,,,,,
12481,entailment,"the lawyers deceived the planner , and the banker ran .",the banker ran .,and suggests both the lawyers deceived the planner and the banker ran .,,,,,,,,,,,,,,
12640,entailment,"the worker introduced the illustrator , and the technologists addressed the bankers .",the technologists addressed the bankers .,and suggests both the worker introduced the illustrator and the technologists addressed the bankers .,,,,,,,,,,,,,,
12641,entailment,"the artist supported the worker , and the singers saw the sculptors .",the singers saw the sculptors .,and suggests both the artist supported the worker and the singers saw the sculptors .,,,,,,,,,,,,,,
12800,entailment,clearly the workers sat .,the workers sat .,clearly suggests the workers sat happened .,,,,,,,,,,,,,,
12801,entailment,clearly the penciller voted .,the penciller voted .,clearly suggests the penciller voted happened .,,,,,,,,,,,,,,
12960,entailment,clearly the lawyers affected the photographers .,the lawyers affected the photographers .,clearly suggests the lawyers affected the photographers happened .,,,,,,,,,,,,,,
12961,entailment,certainly the technologists thanked the senator .,the technologists thanked the senator .,certainly suggests the technologists thanked the senator happened .,,,,,,,,,,,,,,
13120,entailment,without a doubt the singer shouted .,the singer shouted .,without a doubt suggests the singer shouted happened .,,,,,,,,,,,,,,
13121,entailment,without a doubt the scientists existed .,the scientists existed .,without a doubt suggests the scientists existed happened .,,,,,,,,,,,,,,
13280,entailment,without a doubt the lawyer deceived the singers .,the lawyer deceived the singers .,without a doubt suggests the lawyer deceived the singers happened .,,,,,,,,,,,,,,
13281,entailment,without a doubt the actors avoided the curator .,the actors avoided the curator .,without a doubt suggests the actors avoided the curator happened .,,,,,,,,,,,,,,
13600,entailment,of course the scientist supported the officers .,the scientist supported the officers .,of course suggests the scientist supported the officers happened .,,,,,,,,,,,,,,
13601,entailment,of course the planner saw the students .,the planner saw the students .,of course suggests the planner saw the students happened .,,,,,,,,,,,,,,
13920,entailment,"since the pencillers resigned , the therapists deceived the lawyers .",the pencillers resigned .,since suggests the pencillers resigned happened .,,,,,,,,,,,,,,
13921,entailment,"since the penciller shouted , the sculptors expected the programmer .",the penciller shouted .,since suggests the penciller shouted happened .,,,,,,,,,,,,,,
14240,entailment,"because the technician affected the stylists , the essayist admired the scientists .",the technician affected the stylists .,because suggests the technician affected the stylists happened .,,,,,,,,,,,,,,
14241,entailment,"since the bankers introduced the lawyer , the senators admired the technician .",the bankers introduced the lawyer .,since suggests the bankers introduced the lawyer happened .,,,,,,,,,,,,,,
14400,neutral,"if the potter lay , the photographer sat .",the photographer sat .,"we do not know if the potter lay , so we do not know if the photographer sat .",,,,,,,,,,,,,,
14401,neutral,"if the planners yelled , the artists voted .",the artists voted .,"we do not know if the planners yelled , so we do not know if the artists voted .",,,,,,,,,,,,,,
14560,neutral,"if the artists laughed , the potter saw the senator .",the potter saw the senator .,"we do not know if the artists laughed , so we do not know if the potter saw the senator .",,,,,,,,,,,,,,
14561,neutral,"if the baker shouted , the officers admired the pencillers .",the officers admired the pencillers .,"we do not know if the baker shouted , so we do not know if the officers admired the pencillers .",,,,,,,,,,,,,,
14720,neutral,"if the technicians admired the senators , the planner sat .",the planner sat .,"we do not know if the technicians admired the senators , so we do not know if the planner sat .",,,,,,,,,,,,,,
14721,neutral,"if the therapists introduced the students , the banker arrived .",the banker arrived .,"we do not know if the therapists introduced the students , so we do not know if the banker arrived .",,,,,,,,,,,,,,
14880,neutral,"if the scientists deceived the psychotherapist , the sculptors supported the actors .",the sculptors supported the actors .,"we do not know if the scientists deceived the psychotherapist , so we do not know if the sculptors supported the actors .",,,,,,,,,,,,,,
14881,neutral,"if the penciller addressed the singers , the musician affected the stylists .",the musician affected the stylists .,"we do not know if the penciller addressed the singers , so we do not know if the musician affected the stylists .",,,,,,,,,,,,,,
15200,neutral,the programmer hoped that the banker introduced the scientist .,the banker introduced the scientist .,"hoped suggests a hypothesis of the programmer , so we do not know whether the banker introduced the scientist .",,,,,,,,,,,,,,
15201,neutral,the therapist claimed that the actor avoided the stylists .,the actor avoided the stylists .,"claimed suggests a hypothesis of the therapist , so we do not know whether the actor avoided the stylists .",,,,,,,,,,,,,,
15360,neutral,"the worker talked , or the essayists grew .",the worker talked .,"if the essayists grew , then we do not know whether the worker talked .",,,,,,,,,,,,,,
15361,neutral,"the singer shouted , or the sculptors ran .",the singer shouted .,"if the sculptors ran , then we do not know whether the singer shouted .",,,,,,,,,,,,,,
15520,neutral,"the photographers existed , or the curators introduced the scientist .",the photographers existed .,"if the curators introduced the scientist , then we do not know whether the photographers existed .",,,,,,,,,,,,,,
15521,neutral,"the photographer sat , or the psychotherapists supported the scientist .",the photographer sat .,"if the psychotherapists supported the scientist , then we do not know whether the photographer sat .",,,,,,,,,,,,,,
15680,neutral,"the curators addressed the photographers , or the actors resigned .",the curators addressed the photographers .,"if the actors resigned , then we do not know whether the curators addressed the photographers .",,,,,,,,,,,,,,
15681,neutral,"the worker affected the stylist , or the lawyers talked .",the worker affected the stylist .,"if the lawyers talked , then we do not know whether the worker affected the stylist .",,,,,,,,,,,,,,
16000,neutral,"the bakers existed , or the sculptor arrived .",the sculptor arrived .,"if the bakers existed , then we do not know whether the sculptor arrived .",,,,,,,,,,,,,,
16001,neutral,"the potters ran , or the nurses laughed .",the nurses laughed .,"if the potters ran , then we do not know whether the nurses laughed .",,,,,,,,,,,,,,
16160,neutral,"the workers voted , or the illustrator saw the bankers .",the illustrator saw the bankers .,"if the workers voted , then we do not know whether the illustrator saw the bankers .",,,,,,,,,,,,,,
16161,neutral,"the planners arrived , or the student recognized the technologist .",the student recognized the technologist .,"if the planners arrived , then we do not know whether the student recognized the technologist .",,,,,,,,,,,,,,
16320,neutral,"the musician supported the workers , or the sculptor yelled .",the sculptor yelled .,"if the musician supported the workers , then we do not know whether the sculptor yelled .",,,,,,,,,,,,,,
16321,neutral,"the penciller addressed the students , or the stylists grew .",the stylists grew .,"if the penciller addressed the students , then we do not know whether the stylists grew .",,,,,,,,,,,,,,
16480,neutral,"the banker introduced the illustrator , or the photographer saw the worker .",the photographer saw the worker .,"if the banker introduced the illustrator , then we do not know whether the photographer saw the worker .",,,,,,,,,,,,,,
16481,neutral,"the nurse admired the pencillers , or the students avoided the stylists .",the students avoided the stylists .,"if the nurse admired the pencillers , then we do not know whether the students avoided the stylists .",,,,,,,,,,,,,,
16640,neutral,hopefully the singer arrived .,the singer arrived .,"hopefully suggests an uncertainty, so we do not know whether the singer arrived .",,,,,,,,,,,,,,
16641,neutral,supposedly the sculptor sat .,the sculptor sat .,"supposedly suggests an uncertainty, so we do not know whether the sculptor sat .",,,,,,,,,,,,,,
16800,neutral,hopefully the actors recognized the technologist .,the actors recognized the technologist .,"hopefully suggests an uncertainty, so we do not know whether the actors recognized the technologist .",,,,,,,,,,,,,,
16801,neutral,hopefully the student admired the photographer .,the student admired the photographer .,"hopefully suggests an uncertainty, so we do not know whether the student admired the photographer .",,,,,,,,,,,,,,
16960,neutral,"unless the bankers voted , the planners shouted .",the bankers voted .,"the planners shouted if the bankers voted , we do not know whether the bankers voted .",,,,,,,,,,,,,,
16961,neutral,"unless the worker resigned , the stylists arrived .",the worker resigned .,"the stylists arrived if the worker resigned , we do not know whether the worker resigned .",,,,,,,,,,,,,,
17280,neutral,"unless the lawyers avoided the technician , the musician existed .",the lawyers avoided the technician .,"the musician existed if the lawyers avoided the technician , we do not know whether the lawyers avoided the technician .",,,,,,,,,,,,,,
17281,neutral,"unless the bakers avoided the bankers , the worker existed .",the bakers avoided the bankers .,"the worker existed if the bakers avoided the bankers , we do not know whether the bakers avoided the bankers .",,,,,,,,,,,,,,
17440,neutral,"unless the nurse addressed the psychotherapist , the bakers deceived the student .",the nurse addressed the psychotherapist .,"the bakers deceived the student if the nurse addressed the psychotherapist , we do not know whether the nurse addressed the psychotherapist .",,,,,,,,,,,,,,
17441,neutral,"unless the planner thanked the curator , the worker addressed the bankers .",the planner thanked the curator .,"the worker addressed the bankers if the planner thanked the curator , we do not know whether the planner thanked the curator .",,,,,,,,,,,,,,
17600,neutral,"whether or not the scientist arrived , the illustrator laughed .",the scientist arrived .,whether or not suggests we do not know whether the scientist arrived .,,,,,,,,,,,,,,
17601,neutral,"whether or not the lawyer shouted , the senators talked .",the lawyer shouted .,whether or not suggests we do not know whether the lawyer shouted .,,,,,,,,,,,,,,
17760,neutral,"whether or not the curators talked , the officers thanked the essayist .",the curators talked .,whether or not suggests we do not know whether the curators talked .,,,,,,,,,,,,,,
17761,neutral,"whether or not the artist arrived , the potters thanked the stylists .",the artist arrived .,whether or not suggests we do not know whether the artist arrived .,,,,,,,,,,,,,,
17920,neutral,"whether or not the nurse thanked the officers , the student arrived .",the nurse thanked the officers .,whether or not suggests we do not know whether the nurse thanked the officers .,,,,,,,,,,,,,,
17921,neutral,"whether or not the curator admired the technologists , the stylist ran .",the curator admired the technologists .,whether or not suggests we do not know whether the curator admired the technologists .,,,,,,,,,,,,,,
18080,neutral,"whether or not the psychotherapist addressed the therapist , the scientist expected the musicians .",the psychotherapist addressed the therapist .,whether or not suggests we do not know whether the psychotherapist addressed the therapist .,,,,,,,,,,,,,,
18081,neutral,"whether or not the technicians supported the senator , the actors introduced the stylists .",the technicians supported the senator .,whether or not suggests we do not know whether the technicians supported the senator .,,,,,,,,,,,,,,
18400,neutral,"in case the actor yelled , the sculptors introduced the musician .",the actor yelled .,"the sculptors introduced the musician if the actor yelled , we do not know whether the actor yelled .",,,,,,,,,,,,,,
18401,neutral,"in case the illustrators shouted , the sculptors avoided the planners .",the illustrators shouted .,"the sculptors avoided the planners if the illustrators shouted , we do not know whether the illustrators shouted .",,,,,,,,,,,,,,
18560,neutral,"in case the therapist introduced the artist , the baker yelled .",the therapist introduced the artist .,"the baker yelled if the therapist introduced the artist , we do not know whether the therapist introduced the artist .",,,,,,,,,,,,,,
18561,neutral,"in case the planner deceived the banker , the musicians resigned .",the planner deceived the banker .,"the musicians resigned if the planner deceived the banker , we do not know whether the planner deceived the banker .",,,,,,,,,,,,,,
18720,neutral,"in case the photographers admired the planners , the potter supported the artist .",the photographers admired the planners .,"the potter supported the artist if the photographers admired the planners , we do not know whether the photographers admired the planners .",,,,,,,,,,,,,,
18721,neutral,"in case the singers introduced the programmers , the curators saw the banker .",the singers introduced the programmers .,"the curators saw the banker if the singers introduced the programmers , we do not know whether the singers introduced the programmers .",,,,,,,,,,,,,,
